{
  "squad": {
    "dataset": "squad",
    "kind": "chunking",
    "variants": {
      "paragraph": {
        "n_chunks": 1204,
        "index_time_s": 5.7635451999958605,
        "recall@1": 0.8697674418604651,
        "recall@5": 0.9674418604651163,
        "recall@10": 0.9720930232558139,
        "mrr@10": 0.9098191214470286,
        "ndcg@5": 0.9240495379156343,
        "f1": 0.11006429238696248,
        "citation": 0.5813953488372093,
        "citation_when_answered": 0.9328358208955224,
        "faithfulness": 1.0,
        "refusal_correct_unans": 0.6731707317073171,
        "hallucination_unans": 0.32682926829268294,
        "latency_mean_ms": 31.113868095417274,
        "latency_p95_ms": 43.7799650007946,
        "calibration": {
          "balanced_accuracy": 0.5992337164750958,
          "tau_score": 5.0,
          "tau_margin": 0.0
        }
      },
      "fixed_120": {
        "n_chunks": 1815,
        "index_time_s": 1.0558624999976018,
        "recall@1": 0.8837209302325582,
        "recall@5": 0.9720930232558139,
        "recall@10": 0.9720930232558139,
        "mrr@10": 0.9210852713178295,
        "ndcg@5": 0.9340435486801806,
        "f1": 0.14759164426214047,
        "citation": 0.7395348837209302,
        "citation_when_answered": 0.9298245614035088,
        "faithfulness": 1.0,
        "refusal_correct_unans": 0.44390243902439025,
        "hallucination_unans": 0.5560975609756098,
        "latency_mean_ms": 22.948314285722084,
        "latency_p95_ms": 26.853175000360352,
        "calibration": {
          "balanced_accuracy": 0.5923371647509579,
          "tau_score": 3.5,
          "tau_margin": 0.0
        }
      },
      "fixed_300": {
        "n_chunks": 1223,
        "index_time_s": 0.9374805000043125,
        "recall@1": 0.8697674418604651,
        "recall@5": 0.9674418604651163,
        "recall@10": 0.9720930232558139,
        "mrr@10": 0.9098191214470286,
        "ndcg@5": 0.9240495379156343,
        "f1": 0.0973007705990329,
        "citation": 0.5162790697674419,
        "citation_when_answered": 0.9487179487179487,
        "faithfulness": 1.0,
        "refusal_correct_unans": 0.7414634146341463,
        "hallucination_unans": 0.25853658536585367,
        "latency_mean_ms": 30.498192857114535,
        "latency_p95_ms": 39.137274998938636,
        "calibration": {
          "balanced_accuracy": 0.5961685823754789,
          "tau_score": 5.5,
          "tau_margin": 0.0
        }
      },
      "fixed_500": {
        "n_chunks": 1207,
        "index_time_s": 0.915525800002797,
        "recall@1": 0.8697674418604651,
        "recall@5": 0.9674418604651163,
        "recall@10": 0.9720930232558139,
        "mrr@10": 0.9098191214470286,
        "ndcg@5": 0.9240495379156343,
        "f1": 0.11006429238696248,
        "citation": 0.5813953488372093,
        "citation_when_answered": 0.9328358208955224,
        "faithfulness": 1.0,
        "refusal_correct_unans": 0.6731707317073171,
        "hallucination_unans": 0.32682926829268294,
        "latency_mean_ms": 32.25954642884538,
        "latency_p95_ms": 45.31347000047389,
        "calibration": {
          "balanced_accuracy": 0.5992337164750958,
          "tau_score": 5.0,
          "tau_margin": 0.0
        }
      },
      "semantic": {
        "n_chunks": 1809,
        "index_time_s": 1.0317576000015833,
        "recall@1": 0.8976744186046511,
        "recall@5": 0.9720930232558139,
        "recall@10": 0.9720930232558139,
        "mrr@10": 0.9275193798449612,
        "ndcg@5": 0.9387882218734503,
        "f1": 0.12742567803742272,
        "citation": 0.6232558139534884,
        "citation_when_answered": 0.9370629370629371,
        "faithfulness": 1.0,
        "refusal_correct_unans": 0.6146341463414634,
        "hallucination_unans": 0.3853658536585366,
        "latency_mean_ms": 22.28711619063688,
        "latency_p95_ms": 26.551115002075672,
        "calibration": {
          "balanced_accuracy": 0.593103448275862,
          "tau_score": 5.0,
          "tau_margin": 0.0
        }
      },
      "adaptive": {
        "n_chunks": 1804,
        "index_time_s": 1.0198287000021082,
        "recall@1": 0.8976744186046511,
        "recall@5": 0.9720930232558139,
        "recall@10": 0.9720930232558139,
        "mrr@10": 0.9275193798449612,
        "ndcg@5": 0.9387882218734503,
        "f1": 0.12094679123497676,
        "citation": 0.586046511627907,
        "citation_when_answered": 0.9618320610687023,
        "faithfulness": 1.0,
        "refusal_correct_unans": 0.7073170731707317,
        "hallucination_unans": 0.2926829268292683,
        "latency_mean_ms": 22.25408880925291,
        "latency_p95_ms": 26.97655000083613,
        "calibration": {
          "balanced_accuracy": 0.5939974457215836,
          "tau_score": 5.5,
          "tau_margin": 0.0
        }
      }
    }
  },
  "enterprise": {
    "dataset": "enterprise",
    "kind": "chunking",
    "variants": {
      "paragraph": {
        "n_chunks": 184,
        "index_time_s": 0.03741270000318764,
        "recall@1": 0.9695121951219512,
        "recall@5": 1.0,
        "recall@10": 1.0,
        "mrr@10": 0.9822154471544716,
        "ndcg@5": 0.9867284501145595,
        "f1": 0.3204835229775683,
        "citation": 0.9512195121951219,
        "citation_when_answered": 0.9811320754716981,
        "faithfulness": 1.0,
        "refusal_correct_unans": 0.9473684210526315,
        "hallucination_unans": 0.05263157894736842,
        "latency_mean_ms": 12.16349999992561,
        "latency_p95_ms": 15.434539999841945,
        "calibration": {
          "balanced_accuracy": 0.972972972972973,
          "tau_score": 0.0,
          "tau_margin": 0.0
        }
      },
      "fixed_120": {
        "n_chunks": 184,
        "index_time_s": 0.04828070000075968,
        "recall@1": 0.9695121951219512,
        "recall@5": 1.0,
        "recall@10": 1.0,
        "mrr@10": 0.9822154471544716,
        "ndcg@5": 0.9867284501145595,
        "f1": 0.3204835229775683,
        "citation": 0.9512195121951219,
        "citation_when_answered": 0.9811320754716981,
        "faithfulness": 1.0,
        "refusal_correct_unans": 0.9473684210526315,
        "hallucination_unans": 0.05263157894736842,
        "latency_mean_ms": 11.752317486245941,
        "latency_p95_ms": 13.745210004708497,
        "calibration": {
          "balanced_accuracy": 0.972972972972973,
          "tau_score": 0.0,
          "tau_margin": 0.0
        }
      },
      "fixed_300": {
        "n_chunks": 184,
        "index_time_s": 0.0379832999969949,
        "recall@1": 0.9695121951219512,
        "recall@5": 1.0,
        "recall@10": 1.0,
        "mrr@10": 0.9822154471544716,
        "ndcg@5": 0.9867284501145595,
        "f1": 0.3204835229775683,
        "citation": 0.9512195121951219,
        "citation_when_answered": 0.9811320754716981,
        "faithfulness": 1.0,
        "refusal_correct_unans": 0.9473684210526315,
        "hallucination_unans": 0.05263157894736842,
        "latency_mean_ms": 13.34028251382778,
        "latency_p95_ms": 15.344969999569003,
        "calibration": {
          "balanced_accuracy": 0.972972972972973,
          "tau_score": 0.0,
          "tau_margin": 0.0
        }
      },
      "fixed_500": {
        "n_chunks": 184,
        "index_time_s": 0.03746710000268649,
        "recall@1": 0.9695121951219512,
        "recall@5": 1.0,
        "recall@10": 1.0,
        "mrr@10": 0.9822154471544716,
        "ndcg@5": 0.9867284501145595,
        "f1": 0.3204835229775683,
        "citation": 0.9512195121951219,
        "citation_when_answered": 0.9811320754716981,
        "faithfulness": 1.0,
        "refusal_correct_unans": 0.9473684210526315,
        "hallucination_unans": 0.05263157894736842,
        "latency_mean_ms": 13.659925136708493,
        "latency_p95_ms": 15.111480000632582,
        "calibration": {
          "balanced_accuracy": 0.972972972972973,
          "tau_score": 0.0,
          "tau_margin": 0.0
        }
      },