{
  "squad": {
    "dataset": "squad",
    "kind": "component",
    "variants": {
      "full": {
        "n_chunks": 1804,
        "index_time_s": 1.0183745000031195,
        "recall@1": 0.8976744186046511,
        "recall@5": 0.9720930232558139,
        "recall@10": 0.9720930232558139,
        "mrr@10": 0.9275193798449612,
        "ndcg@5": 0.9387882218734503,
        "f1": 0.12094679123497676,
        "citation": 0.586046511627907,
        "citation_when_answered": 0.9618320610687023,
        "faithfulness": 1.0,
        "refusal_correct_unans": 0.7073170731707317,
        "hallucination_unans": 0.2926829268292683,
        "latency_mean_ms": 21.833412381238304,
        "latency_p95_ms": 25.796330003868203,
        "calibration": {
          "balanced_accuracy": 0.5939974457215836,
          "tau_score": 5.5,
          "tau_margin": 0.0
        }
      },
      "no_bm25": {
        "n_chunks": 1804,
        "index_time_s": 0.9653875999938464,
        "recall@1": 0.8837209302325582,
        "recall@5": 0.9627906976744186,
        "recall@10": 0.9627906976744186,
        "mrr@10": 0.9156589147286822,
        "ndcg@5": 0.9275654590954625,
        "f1": 0.15877790996812308,
        "citation": 0.7813953488372093,
        "citation_when_answered": 0.9333333333333333,
        "faithfulness": 1.0,
        "refusal_correct_unans": 0.40487804878048783,
        "hallucination_unans": 0.5951219512195122,
        "latency_mean_ms": 17.991789762059593,
        "latency_p95_ms": 21.92868000165617,
        "calibration": {
          "balanced_accuracy": 0.6068965517241379,
          "tau_score": 3.0,
          "tau_margin": 1.0
        }
      },
      "no_rerank": {
        "n_chunks": 1804,
        "index_time_s": 1.0094182999964687,
        "recall@1": 0.8372093023255814,
        "recall@5": 0.9395348837209302,
        "recall@10": 0.9627906976744186,
        "mrr@10": 0.880219638242894,
        "ndcg@5": 0.8927285541211565,
        "f1": 0.16919813601924374,
        "citation": 0.8372093023255814,
        "citation_when_answered": 0.8372093023255814,
        "faithfulness": 1.0,
        "refusal_correct_unans": 0.0,
        "hallucination_unans": 1.0,
        "latency_mean_ms": 6.290913809460195,
        "latency_p95_ms": 8.133480003380097,
        "calibration": null
      },
      "no_query_rewrite": {
        "n_chunks": 1804,
        "index_time_s": 1.0090976999999839,
        "recall@1": 0.9023255813953488,
        "recall@5": 0.9720930232558139,
        "recall@10": 0.9720930232558139,
        "mrr@10": 0.92984496124031,
        "ndcg@5": 0.9405048276707925,
        "f1": 0.12094679123497676,
        "citation": 0.586046511627907,
        "citation_when_answered": 0.9692307692307692,
        "faithfulness": 1.0,
        "refusal_correct_unans": 0.7073170731707317,
        "hallucination_unans": 0.2926829268292683,
        "latency_mean_ms": 21.005012857217697,
        "latency_p95_ms": 25.585150004189924,
        "calibration": {
          "balanced_accuracy": 0.5939974457215836,
          "tau_score": 5.5,
          "tau_margin": 0.0
        }
      },
      "no_abstain": {
        "n_chunks": 1804,
        "index_time_s": 1.0500717999966582,
        "recall@1": 0.8976744186046511,
        "recall@5": 0.9720930232558139,
        "recall@10": 0.9720930232558139,
        "mrr@10": 0.9275193798449612,
        "ndcg@5": 0.9387882218734503,
        "f1": 0.1802098667998564,
        "citation": 0.8976744186046511,
        "citation_when_answered": 0.8976744186046511,
        "faithfulness": 1.0,
        "refusal_correct_unans": 0.0,
        "hallucination_unans": 1.0,
        "latency_mean_ms": 23.40070547612586,
        "latency_p95_ms": 27.917929998511678,
        "calibration": null
      },
      "no_adaptive_chunk": {
        "n_chunks": 1204,
        "index_time_s": 0.9181946000026073,
        "recall@1": 0.8697674418604651,
        "recall@5": 0.9674418604651163,
        "recall@10": 0.9720930232558139,
        "mrr@10": 0.9098191214470286,
        "ndcg@5": 0.9240495379156343,
        "f1": 0.11006429238696248,
        "citation": 0.5813953488372093,
        "citation_when_answered": 0.9328358208955224,
        "faithfulness": 1.0,
        "refusal_correct_unans": 0.6731707317073171,
        "hallucination_unans": 0.32682926829268294,
        "latency_mean_ms": 30.366192856984398,
        "latency_p95_ms": 42.90251999882457,
        "calibration": {
          "balanced_accuracy": 0.5992337164750958,
          "tau_score": 5.0,
          "tau_margin": 0.0
        }
      }
    }
  },
  "enterprise": {
    "dataset": "enterprise",
    "kind": "component",
    "variants": {
      "full": {
        "n_chunks": 184,
        "index_time_s": 0.0408263999997871,
        "recall@1": 0.9695121951219512,
        "recall@5": 1.0,
        "recall@10": 1.0,
        "mrr@10": 0.9822154471544716,
        "ndcg@5": 0.9867284501145595,
        "f1": 0.3204835229775683,
        "citation": 0.9512195121951219,
        "citation_when_answered": 0.9811320754716981,
        "faithfulness": 1.0,
        "refusal_correct_unans": 0.9473684210526315,
        "hallucination_unans": 0.05263157894736842,
        "latency_mean_ms": 13.478508743111112,
        "latency_p95_ms": 15.698189999966417,
        "calibration": {
          "balanced_accuracy": 0.972972972972973,
          "tau_score": 0.0,
          "tau_margin": 0.0
        }
      },
      "no_bm25": {
        "n_chunks": 184,
        "index_time_s": 0.03467649999947753,
        "recall@1": 0.9695121951219512,
        "recall@5": 1.0,
        "recall@10": 1.0,
        "mrr@10": 0.9822154471544716,
        "ndcg@5": 0.9867284501145595,
        "f1": 0.3204835229775683,
        "citation": 0.9512195121951219,
        "citation_when_answered": 0.9811320754716981,
        "faithfulness": 1.0,
        "refusal_correct_unans": 0.9473684210526315,
        "hallucination_unans": 0.05263157894736842,
        "latency_mean_ms": 11.215422950959205,
        "latency_p95_ms": 13.359140000102343,
        "calibration": {
          "balanced_accuracy": 0.972972972972973,
          "tau_score": 0.0,
          "tau_margin": 0.0
        }
      },
      "no_rerank": {
        "n_chunks": 184,
        "index_time_s": 0.036290900003223214,
        "recall@1": 0.9390243902439024,
        "recall@5": 1.0,
        "recall@10": 1.0,
        "mrr@10": 0.9669715447154472,
        "ndcg@5": 0.9754763084551529,
        "f1": 0.31488009097575603,
        "citation": 0.9390243902439024,
        "citation_when_answered": 0.9390243902439024,
        "faithfulness": 1.0,
        "refusal_correct_unans": 0.0,
        "hallucination_unans": 1.0,
        "latency_mean_ms": 3.757409835943591,
        "latency_p95_ms": 5.580550002923701,
        "calibration": null
      },
      "no_query_rewrite": {
        "n_chunks": 184,
        "index_time_s": 0.03629920000093989,
        "recall@1": 0.9695121951219512,
        "recall@5": 1.0,
        "recall@10": 1.0,
        "mrr@10": 0.9822154471544716,
        "ndcg@5": 0.9867284501145595,
        "f1": 0.3204835229775683,
        "citation": 0.9512195121951219,
        "citation_when_answered": 0.9811320754716981,
        "faithfulness": 1.0,
        "refusal_correct_unans": 0.9473684210526315,
        "hallucination_unans": 0.05263157894736842,
        "latency_mean_ms": 11.411161202354652,
        "latency_p95_ms": 13.056160000269301,
        "calibration": {
          "balanced_accuracy": 0.972972972972973,
          "tau_score": 0.0,
          "tau_margin": 0.0
        }
      },
      "no_abstain": {
        "n_chunks": 184,
        "index_time_s": 0.03845300000102725,
        "recall@1": 0.9695121951219512,
        "recall@5": 1.0,
        "recall@10": 1.0,
        "mrr@10": 0.9822154471544716,
        "ndcg@5": 0.9867284501145595,
        "f1": 0.3253540205989532,
        "citation": 0.9695121951219512,
        "citation_when_answered": 0.9695121951219512,
        "faithfulness": 1.0,