{
  "squad": {
    "dataset": "squad",
    "kind": "component",
    "variants": {
      "full": {
        "n_chunks": 1804,
        "index_time_s": 7.895000899996376,
        "recall@1": 0.9439252336448598,
        "recall@5": 0.9906542056074766,
        "recall@10": 0.9906542056074766,
        "mrr@10": 0.9602803738317757,
        "ndcg@5": 0.9678654795480828,
        "f1": 0.15467320589754394,
        "citation": 0.7757009345794392,
        "faithfulness": 1.0,
        "refusal_correct_unans": 0.3883495145631068,
        "hallucination_unans": 0.6116504854368932,
        "latency_mean_ms": 117.69859476161878,
        "latency_p95_ms": 150.68326500186225,
        "calibration": {
          "balanced_accuracy": 0.6609477124183006,
          "tau_score": 3.5,
          "tau_margin": 0.0
        }
      },
      "no_bm25": {
        "n_chunks": 1804,
        "index_time_s": 7.894657700002426,
        "recall@1": 0.9439252336448598,
        "recall@5": 0.9906542056074766,
        "recall@10": 0.9906542056074766,
        "mrr@10": 0.9602803738317757,
        "ndcg@5": 0.9678654795480828,
        "f1": 0.15467320589754394,
        "citation": 0.7757009345794392,
        "faithfulness": 1.0,
        "refusal_correct_unans": 0.39805825242718446,
        "hallucination_unans": 0.6019417475728155,
        "latency_mean_ms": 113.53510333172467,
        "latency_p95_ms": 154.11879999446683,
        "calibration": {
          "balanced_accuracy": 0.667483660130719,
          "tau_score": 3.5,
          "tau_margin": 0.0
        }
      },
      "no_rerank": {
        "n_chunks": 1804,
        "index_time_s": 7.7837796000239905,
        "recall@1": 0.8130841121495327,
        "recall@5": 0.9626168224299065,
        "recall@10": 0.9813084112149533,
        "mrr@10": 0.8707424714434061,
        "ndcg@5": 0.89194784871823,
        "f1": 0.16031791470977497,
        "citation": 0.8130841121495327,
        "faithfulness": 1.0,
        "refusal_correct_unans": 0.0,
        "hallucination_unans": 1.0,
        "latency_mean_ms": 13.768808570707085,
        "latency_p95_ms": 16.24036501016235,
        "calibration": null
      },
      "no_query_rewrite": {
        "n_chunks": 1804,
        "index_time_s": 7.757792599993991,
        "recall@1": 0.9439252336448598,
        "recall@5": 0.9906542056074766,
        "recall@10": 0.9906542056074766,
        "mrr@10": 0.9602803738317757,
        "ndcg@5": 0.9678654795480828,
        "f1": 0.15467320589754394,
        "citation": 0.7757009345794392,
        "faithfulness": 1.0,
        "refusal_correct_unans": 0.3883495145631068,
        "hallucination_unans": 0.6116504854368932,
        "latency_mean_ms": 117.11960714199536,
        "latency_p95_ms": 146.06241000583395,
        "calibration": {
          "balanced_accuracy": 0.6609477124183006,
          "tau_score": 3.5,
          "tau_margin": 0.0
        }
      },
      "no_abstain": {
        "n_chunks": 1804,
        "index_time_s": 7.930118399992352,
        "recall@1": 0.9439252336448598,
        "recall@5": 0.9906542056074766,
        "recall@10": 0.9906542056074766,
        "mrr@10": 0.9602803738317757,
        "ndcg@5": 0.9678654795480828,
        "f1": 0.1751905337842168,
        "citation": 0.9439252336448598,
        "faithfulness": 1.0,
        "refusal_correct_unans": 0.0,
        "hallucination_unans": 1.0,
        "latency_mean_ms": 116.9818114288362,
        "latency_p95_ms": 145.49199999601112,
        "calibration": null
      },
      "no_adaptive_chunk": {
        "n_chunks": 1204,
        "index_time_s": 6.802443699998548,
        "recall@1": 0.9065420560747663,
        "recall@5": 0.9813084112149533,
        "recall@10": 0.9906542056074766,
        "mrr@10": 0.9356178608515058,
        "ndcg@5": 0.9463003960454314,
        "f1": 0.1382343916529597,
        "citation": 0.7289719626168224,
        "faithfulness": 1.0,
        "refusal_correct_unans": 0.47572815533980584,
        "hallucination_unans": 0.5242718446601942,
        "latency_mean_ms": 215.14684809593572,
        "latency_p95_ms": 341.3540599998668,
        "calibration": {
          "balanced_accuracy": 0.6609477124183006,
          "tau_score": 3.5,
          "tau_margin": 0.0
        }
      }
    }
  },
  "enterprise": {
    "dataset": "enterprise",
    "kind": "component",
    "variants": {
      "full": {
        "n_chunks": 128,
        "index_time_s": 0.18967089999932796,
        "recall@1": 1.0,
        "recall@5": 1.0,
        "recall@10": 1.0,
        "mrr@10": 1.0,
        "ndcg@5": 1.0,
        "f1": 0.3529934582809332,
        "citation": 0.95,
        "faithfulness": 1.0,
        "refusal_correct_unans": 0.875,
        "hallucination_unans": 0.125,
        "latency_mean_ms": 50.27608235104708,
        "latency_p95_ms": 58.34078000043519,
        "calibration": {
          "balanced_accuracy": 0.95,
          "tau_score": 0.0,
          "tau_margin": 0.0
        }
      },
      "no_bm25": {
        "n_chunks": 128,
        "index_time_s": 0.18234379999921657,
        "recall@1": 1.0,
        "recall@5": 1.0,
        "recall@10": 1.0,
        "mrr@10": 1.0,
        "ndcg@5": 1.0,
        "f1": 0.3529934582809332,
        "citation": 0.95,
        "faithfulness": 1.0,
        "refusal_correct_unans": 0.875,
        "hallucination_unans": 0.125,
        "latency_mean_ms": 47.4682852945989,
        "latency_p95_ms": 52.05597499880241,
        "calibration": {
          "balanced_accuracy": 0.95,
          "tau_score": 0.0,
          "tau_margin": 0.0
        }
      },
      "no_rerank": {
        "n_chunks": 128,
        "index_time_s": 0.18596360000083223,
        "recall@1": 0.9833333333333333,
        "recall@5": 1.0,
        "recall@10": 1.0,
        "mrr@10": 0.9916666666666667,
        "ndcg@5": 0.993848829226191,
        "f1": 0.3429934582809332,
        "citation": 0.9833333333333333,
        "faithfulness": 1.0,
        "refusal_correct_unans": 0.0,
        "hallucination_unans": 1.0,
        "latency_mean_ms": 9.349686763444504,
        "latency_p95_ms": 10.141470012604259,
        "calibration": null
      },
      "no_query_rewrite": {
        "n_chunks": 128,
        "index_time_s": 0.19003579998388886,
        "recall@1": 1.0,
        "recall@5": 1.0,
        "recall@10": 1.0,
        "mrr@10": 1.0,
        "ndcg@5": 1.0,
        "f1": 0.3529934582809332,
        "citation": 0.95,
        "faithfulness": 1.0,
        "refusal_correct_unans": 0.875,
        "hallucination_unans": 0.125,
        "latency_mean_ms": 48.64604559150072,
        "latency_p95_ms": 54.781205000472255,
        "calibration": {
          "balanced_accuracy": 0.95,
          "tau_score": 0.0,
          "tau_margin": 0.0
        }
      },
      "no_abstain": {
        "n_chunks": 128,
        "index_time_s": 0.195986599981552,
        "recall@1": 1.0,
        "recall@5": 1.0,
        "recall@10": 1.0,
        "mrr@10": 1.0,
        "ndcg@5": 1.0,
        "f1": 0.3529934582809332,
        "citation": 1.0,
        "faithfulness": 1.0,
        "refusal_correct_unans": 0.0,
        "hallucination_unans": 1.0,
        "latency_mean_ms": 47.91088823463617,
        "latency_p95_ms": 53.567710003699176,
        "calibration": null
      },
      "no_adaptive_chunk": {
        "n_chunks": 128,
        "index_time_s": 0.1869077000010293,
        "recall@1": 1.0,
        "recall@5": 1.0,
        "recall@10": 1.0,
        "mrr@10": 1.0,
        "ndcg@5": 1.0,
        "f1": 0.3529934582809332,
        "citation": 0.95,
        "faithfulness": 1.0,
        "refusal_correct_unans": 0.875,
        "hallucination_unans": 0.125,
        "latency_mean_ms": 49.362470587177945,
        "latency_p95_ms": 54.331069988256786,
        "calibration": {
          "balanced_accuracy": 0.95,
          "tau_score": 0.0,
          "tau_margin": 0.0
        }
      }
    }
  }
}