{
  "squad": {
    "questionnaire_selected": {
      "config": "adaptive (questionnaire route)",
      "recall@1": 0.8976744186046511,
      "f1": 0.12094679123497676,
      "citation_when_answered": 0.9618320610687023,
      "refusal_correct_unans": 0.7073170731707317,
      "latency_mean_ms": 22.25408880925291
    },
    "oracle": {
      "config": "oracle over chunking (semantic)",
      "recall@1": 0.8976744186046511,
      "f1": 0.12742567803742272,
      "citation_when_answered": 0.9370629370629371,
      "refusal_correct_unans": 0.6146341463414634,
      "latency_mean_ms": 22.28711619063688
    },
    "fixed_default": {
      "config": "paragraph + dense + no rerank + no abstain",
      "recall@1": 0.8372093023255814,
      "f1": 0.16919813601924374,
      "citation_when_answered": 0.8372093023255814,
      "refusal_correct_unans": 0.0,
      "latency_mean_ms": 6.290913809460195
    },
    "random_valid": {
      "config": "random non-adaptive chunking (5-seed mean)",
      "recall@1": 0.8837209302325583,
      "f1": 0.11940890830701034,
      "citation_when_answered": 0.9402772665930561,
      "refusal_correct_unans": 0.631219512195122,
      "latency_mean_ms": 25.703786476244982
    }
  },
  "enterprise": {
    "questionnaire_selected": {
      "config": "adaptive (questionnaire route)",
      "recall@1": 0.9695121951219512,
      "f1": 0.3204835229775683,
      "citation_when_answered": 0.9811320754716981,
      "refusal_correct_unans": 0.9473684210526315,
      "latency_mean_ms": 11.988977595848539
    },
    "oracle": {
      "config": "oracle over chunking (paragraph)",
      "recall@1": 0.9695121951219512,
      "f1": 0.3204835229775683,
      "citation_when_answered": 0.9811320754716981,
      "refusal_correct_unans": 0.9473684210526315,
      "latency_mean_ms": 12.16349999992561
    },
    "fixed_default": {
      "config": "paragraph + dense + no rerank + no abstain",
      "recall@1": 0.9390243902439024,
      "f1": 0.31488009097575603,
      "citation_when_answered": 0.9390243902439024,
      "refusal_correct_unans": 0.0,
      "latency_mean_ms": 3.757409835943591
    },
    "random_valid": {
      "config": "random non-adaptive chunking (5-seed mean)",
      "recall@1": 0.9695121951219512,
      "f1": 0.3204835229775683,
      "citation_when_answered": 0.9811320754716981,
      "refusal_correct_unans": 0.9473684210526315,
      "latency_mean_ms": 12.921736939946035
    }
  }
}