{
  "squad": {
    "dataset": "squad",
    "tests": {
      "BM25": {
        "recall@1": {
          "n": 215,
          "autorag_mean": 0.8976744186046511,
          "baseline_mean": 0.7627906976744186,
          "diff_mean": 0.1348837209302325,
          "wilcoxon_W": 76.0,
          "wilcoxon_p": 1.8646063481805932e-06,
          "t_stat": 5.02976800732183,
          "t_p": 1.0380596748390299e-06,
          "cohens_d": 0.34302733098431715
        },
        "recall@5": {
          "n": 215,
          "autorag_mean": 0.9720930232558139,
          "baseline_mean": 0.9209302325581395,
          "diff_mean": 0.051162790697674376,
          "wilcoxon_W": 0.0,
          "wilcoxon_p": 0.0009111188771537128,
          "t_stat": 3.3969421081723645,
          "t_p": 0.0008123742122049542,
          "cohens_d": 0.23166952892824497
        },
        "mrr@10": {
          "n": 215,
          "autorag_mean": 0.9275193798449612,
          "baseline_mean": 0.8319693613879661,
          "diff_mean": 0.09555001845699518,
          "wilcoxon_W": 118.5,
          "wilcoxon_p": 1.794693350698869e-06,
          "t_stat": 5.2283994019242,
          "t_p": 4.058039072560428e-07,
          "cohens_d": 0.35657387966031134
        },
        "ndcg@5": {
          "n": 215,
          "autorag_mean": 0.9387882218734503,
          "baseline_mean": 0.8521855603801415,
          "diff_mean": 0.08660266149330886,
          "wilcoxon_W": 109.5,
          "wilcoxon_p": 1.1757727075703363e-06,
          "t_stat": 5.15002362370884,
          "t_p": 5.896832833399175e-07,
          "cohens_d": 0.3512286959508645
        },
        "f1": {
          "n": 215,
          "autorag_mean": 0.12094679123497676,
          "baseline_mean": 0.1582546880883926,
          "diff_mean": -0.037307896853415845,
          "wilcoxon_W": 354.0,
          "wilcoxon_p": 0.0008221593478545574,
          "t_stat": -3.0467148380390254,
          "t_p": 0.0026045442009891367,
          "cohens_d": -0.20778422735233157
        },
        "citation": {
          "n": 215,
          "autorag_mean": 0.586046511627907,
          "baseline_mean": 0.7627906976744186,
          "diff_mean": -0.17674418604651165,
          "wilcoxon_W": 790.0,
          "wilcoxon_p": 1.6876525869431682e-05,
          "t_stat": -4.490307394655657,
          "t_p": 1.1623602516310861e-05,
          "cohens_d": -0.3062364225637568
        },
        "refusal_correct_unans": {
          "n": 205,
          "autorag_mean": 0.7073170731707317,
          "baseline_mean": 0.0,
          "diff_mean": 0.7073170731707317,
          "mcnemar_b10": 145,
          "mcnemar_b01": 0,
          "mcnemar_p": 4.484155085839415e-44
        }
      },
      "NaiveRAG": {
        "recall@1": {
          "n": 215,
          "autorag_mean": 0.8976744186046511,
          "baseline_mean": 0.6837209302325581,
          "diff_mean": 0.21395348837209305,
          "wilcoxon_W": 110.0,
          "wilcoxon_p": 3.854539135455521e-10,
          "t_stat": 6.906215163073057,
          "t_p": 5.5886280806917685e-11,
          "cohens_d": 0.47099996483809775
        },
        "recall@5": {
          "n": 215,
          "autorag_mean": 0.9720930232558139,
          "baseline_mean": 0.8837209302325582,
          "diff_mean": 0.08837209302325577,
          "wilcoxon_W": 0.0,
          "wilcoxon_p": 1.3071845366763019e-05,
          "t_stat": 4.554656733408531,
          "t_p": 8.807024574997164e-06,
          "cohens_d": 0.31062501104156953
        },
        "mrr@10": {
          "n": 215,
          "autorag_mean": 0.9275193798449612,
          "baseline_mean": 0.7700775193798449,
          "diff_mean": 0.15744186046511632,
          "wilcoxon_W": 116.0,
          "wilcoxon_p": 5.145544370462533e-10,
          "t_stat": 7.191670980757282,
          "t_p": 1.0580528214654936e-11,
          "cohens_d": 0.49046789002105357
        },
        "ndcg@5": {
          "n": 215,
          "autorag_mean": 0.9387882218734503,
          "baseline_mean": 0.7930787216555841,
          "diff_mean": 0.14570950021786622,
          "wilcoxon_W": 101.0,
          "wilcoxon_p": 2.528091866084201e-10,
          "t_stat": 7.088721361288782,
          "t_p": 1.9371327312957168e-11,
          "cohens_d": 0.4834467842482379
        },
        "f1": {
          "n": 215,
          "autorag_mean": 0.12094679123497676,
          "baseline_mean": 0.14085491406206893,
          "diff_mean": -0.019908122827092173,
          "wilcoxon_W": 566.0,
          "wilcoxon_p": 0.08738588920925114,
          "t_stat": -1.4982067892220958,
          "t_p": 0.13555313722984488,
          "cohens_d": -0.10217685496057022
        },
        "citation": {
          "n": 215,
          "autorag_mean": 0.586046511627907,
          "baseline_mean": 0.6837209302325581,
          "diff_mean": -0.09767441860465109,
          "wilcoxon_W": 1160.0,
          "wilcoxon_p": 0.01814310346496377,
          "t_stat": -2.388393720640905,
          "t_p": 0.01779102101035434,
          "cohens_d": -0.16288709979039206
        },
        "refusal_correct_unans": {
          "n": 205,
          "autorag_mean": 0.7073170731707317,
          "baseline_mean": 0.0,
          "diff_mean": 0.7073170731707317,
          "mcnemar_b10": 145,
          "mcnemar_b01": 0,
          "mcnemar_p": 4.484155085839415e-44
        }
      },
      "RAG+Rerank": {
        "recall@1": {
          "n": 215,
          "autorag_mean": 0.8976744186046511,
          "baseline_mean": 0.8651162790697674,
          "diff_mean": 0.032558139534883734,
          "wilcoxon_W": 12.0,
          "wilcoxon_p": 0.034808478811867126,
          "t_stat": 2.127823735996017,
          "t_p": 0.03449569405711971,
          "cohens_d": 0.1451163743340199
        },
        "recall@5": {
          "n": 215,
          "autorag_mean": 0.9720930232558139,
          "baseline_mean": 0.9674418604651163,
          "diff_mean": 0.0046511627906976605,
          "wilcoxon_W": 2.0,
          "wilcoxon_p": 0.5637028616507731,
          "t_stat": 0.5764530654320114,
          "t_p": 0.5649147930287444,
          "cohens_d": 0.03931377275950342
        },
        "mrr@10": {
          "n": 215,
          "autorag_mean": 0.9275193798449612,
          "baseline_mean": 0.9066666666666667,
          "diff_mean": 0.020852713178294513,
          "wilcoxon_W": 19.0,
          "wilcoxon_p": 0.03380050715772617,
          "t_stat": 2.0430995941016246,
          "t_p": 0.04226814990687533,
          "cohens_d": 0.13933823581517302
        },
        "ndcg@5": {
          "n": 215,
          "autorag_mean": 0.9387882218734503,
          "baseline_mean": 0.9217239565202854,
          "diff_mean": 0.017064265353164965,
          "wilcoxon_W": 24.0,
          "wilcoxon_p": 0.07068814365843194,
          "t_stat": 1.8682625751606743,
          "t_p": 0.06309213467028227,
          "cohens_d": 0.127414450090411
        },
        "f1": {
          "n": 215,
          "autorag_mean": 0.12094679123497676,
          "baseline_mean": 0.17200491915880511,
          "diff_mean": -0.051058127923828356,
          "wilcoxon_W": 129.0,
          "wilcoxon_p": 1.157604095674739e-05,
          "t_stat": -3.8627031797894618,
          "t_p": 0.0001486017001321833,
          "cohens_d": -0.2634341703671012
        },
        "citation": {
          "n": 215,
          "autorag_mean": 0.586046511627907,
          "baseline_mean": 0.8651162790697674,
          "diff_mean": -0.2790697674418604,
          "wilcoxon_W": 219.0,
          "wilcoxon_p": 1.5374597944280182e-12,
          "t_stat": -8.052855695247795,
          "t_p": 5.577321409210186e-14,
          "cohens_d": -0.5492002000731561
        },
        "refusal_correct_unans": {
          "n": 205,
          "autorag_mean": 0.7073170731707317,
          "baseline_mean": 0.0,
          "diff_mean": 0.7073170731707317,
          "mcnemar_b10": 145,
          "mcnemar_b01": 0,
          "mcnemar_p": 4.484155085839415e-44
        }
      }
    }
  },